query_id	corpus_id	score
5ac113e2554299294b21909a	311164	1
5ac113e2554299294b21909a	2466925	1
5abed6905542990832d3a0ed	17116117	1
5abed6905542990832d3a0ed	6831066	1
5ac09da45542996f0d89cc1d	23676585	1
5ac09da45542996f0d89cc1d	7753865	1
5a7b5af7554299042af8f752	2594411	1
5a7b5af7554299042af8f752	1284316	1
5a7131565542994082a3e64f	29198203	1
5a7131565542994082a3e64f	3634471	1
5a7f95685542995d8a8ddeaa	5843335	1
5a7f95685542995d8a8ddeaa	81565	1
5ae07e5b55429945ae959381	2335206	1
5ae07e5b55429945ae959381	6160236	1
5a77c60255429967ab105285	29632669	1
5a77c60255429967ab105285	439470	1
5ae54bbd5542990ba0bbb262	3489316	1
5ae54bbd5542990ba0bbb262	427655	1
5ac471a5554299194317399a	22148899	1
5ac471a5554299194317399a	323169	1
5abfd3ba5542994516f4550a	7599613	1
5abfd3ba5542994516f4550a	3956606	1
5ab934465542996be202043e	9380145	1
5ab934465542996be202043e	12012122	1
5adf36c55542993344016c3e	35962124	1
5adf36c55542993344016c3e	16555113	1
5ae527945542993aec5ec167	33148192	1
5ae527945542993aec5ec167	42007406	1
5a7324205542994cef4bc478	16433	1
5a7324205542994cef4bc478	2242569	1
5ab1c2bf5542997061209558	30553103	1
5ab1c2bf5542997061209558	5705767	1
5ae12fcf5542990adbacf72c	10556722	1
5ae12fcf5542990adbacf72c	14369179	1
5a8790785542993e715abfac	3448288	1
5a8790785542993e715abfac	177712	1
5a8081975542992097ad2fef	17719358	1
5a8081975542992097ad2fef	4963485	1
5ab3e4ee554299233954ffe1	48568045	1
5ab3e4ee554299233954ffe1	313807	1
5abc7bf5554299114383a129	20789075	1
5abc7bf5554299114383a129	6841994	1
5ab8111c5542991d3222382b	50239447	1
5ab8111c5542991d3222382b	22413	1
5ab57022554299637185c59e	14573	1
5ab57022554299637185c59e	276003	1
5a7a70b355429941d65f2647	75758	1
5a7a70b355429941d65f2647	5532554	1
5a828c8355429966c78a6a50	7586794	1
5a828c8355429966c78a6a50	767631	1
5ae5fd395542996de7b71ab3	26427403	1
5ae5fd395542996de7b71ab3	26218034	1
5ac3908e554299741d48a297	32622020	1
5ac3908e554299741d48a297	5451380	1
5a7286865542991f9a20c4cb	31352580	1
5a7286865542991f9a20c4cb	350908	1
5a7bae20554299294a54aa96	34445585	1
5a7bae20554299294a54aa96	22570683	1
5a7130365542994082a3e645	46590077	1
5a7130365542994082a3e645	30809261	1
5a7d26bd554299452d57bb28	1486992	1
5a7d26bd554299452d57bb28	288178	1
5ab82d095542990e739ec853	8540471	1
5ab82d095542990e739ec853	409521	1
5a8fab8c5542995b4424208a	1952471	1
5a8fab8c5542995b4424208a	185614	1
5a821c95554299676cceb219	16174388	1
5a821c95554299676cceb219	1019716	1
5ae6371155429929b0807af1	16856054	1
5ae6371155429929b0807af1	43397	1
5a79131a554299148911f9e3	50895628	1
5a79131a554299148911f9e3	21676765	1
5ab480715542991751b4d798	7677145	1
5ab480715542991751b4d798	28902466	1
5ac3a7f75542993915413890	18618476	1
5ac3a7f75542993915413890	16219	1
5a7f89c75542994857a76775	35326250	1
5a7f89c75542994857a76775	8302	1
5ae4f6c755429960a22e022a	4374557	1
5ae4f6c755429960a22e022a	127313	1
5ae60ea9554299546bf8304e	13207494	1
5ae60ea9554299546bf8304e	32817449	1
5add11935542994734353827	1615998	1
5add11935542994734353827	3728007	1
5add564a5542990dbb2f7e38	42576816	1
5add564a5542990dbb2f7e38	721273	1
5ae17a9b5542990adbacf7a2	479767	1
5ae17a9b5542990adbacf7a2	3565012	1
5a79db655542994bb94570f4	13112509	1
5a79db655542994bb94570f4	901243	1
5ae74fc45542997b22f6a6b4	53756296	1
5ae74fc45542997b22f6a6b4	208825	1
5ade27e05542997c77aded7d	54896453	1
5ade27e05542997c77aded7d	48269271	1
5ae1f3df554299234fd04364	9878683	1
5ae1f3df554299234fd04364	16245	1
5a7b695f5542997c3ec97156	3540994	1
5a7b695f5542997c3ec97156	25916521	1
5ab42a2b5542996a3a969f5a	34069632	1
5ab42a2b5542996a3a969f5a	70578	1
5a8ac38855429970aeb70300	47742067	1
5a8ac38855429970aeb70300	218110	1
5ae1d4e8554299234fd04312	34383981	1
5ae1d4e8554299234fd04312	379800	1
5a8637415542994775f60724	4810701	1
5a8637415542994775f60724	2348737	1
5ab45a0b5542991779162c7e	4444211	1
5ab45a0b5542991779162c7e	4228670	1
5ab488bc5542990594ba9c55	40015934	1
5ab488bc5542990594ba9c55	32016370	1
5ab2d61155429916697740ff	38068868	1
5ab2d61155429916697740ff	42620	1
5ab7c1a955429928e1fe38c8	48517595	1
5ab7c1a955429928e1fe38c8	41475901	1
5abec2ca5542997719eab5b9	3210134	1
5abec2ca5542997719eab5b9	899336	1
5add97c15542997545bbbd80	2151676	1
5add97c15542997545bbbd80	980836	1
5ab3eeb5554299233954fff4	33214212	1
5ab3eeb5554299233954fff4	712686	1
5a721a7655429971e9dc9271	43108218	1
5a721a7655429971e9dc9271	1641473	1
5ae80d25554299540e5a5709	41171422	1
5ae80d25554299540e5a5709	1428132	1
5a762a645542992d0ec0603d	2145671	1
5a762a645542992d0ec0603d	42257	1
5ab29c24554299449642c932	12958	1
5ab29c24554299449642c932	356938	1
5abda2b755429933744ab80f	13487	1
5abda2b755429933744ab80f	4764461	1
5a84c0765542991dd0999dd9	7333486	1
5a84c0765542991dd0999dd9	855742	1
5a88a42f554299206df2b317	325938	1
5a88a42f554299206df2b317	301319	1
5aba67c255429955dce3ee10	33733292	1
5aba67c255429955dce3ee10	3785255	1
5ae32ce75542992f92d8223d	13001672	1
5ae32ce75542992f92d8223d	1533247	1
5abd83775542993062266cb7	1705162	1
5abd83775542993062266cb7	8487997	1
5a8ff69655429916514e73f1	22556266	1
5a8ff69655429916514e73f1	938841	1
5adfa92d55429942ec259ae0	855707	1
5adfa92d55429942ec259ae0	238739	1
5a838fcd5542992ef85e2305	47155716	1
5a838fcd5542992ef85e2305	735009	1
5a8ad8ed5542992d82986fa3	29218068	1
5a8ad8ed5542992d82986fa3	126088	1
5ab973b35542996be20204fd	26687958	1
5ab973b35542996be20204fd	53355	1
5ab82e195542992aa3b8c8a8	38904907	1
5ab82e195542992aa3b8c8a8	28848171	1
5adc91865542994ed6169b93	8235910	1
5adc91865542994ed6169b93	5306793	1
5a8f541e5542992414482a53	6923163	1
5a8f541e5542992414482a53	36715956	1
5ade61fd554299728e26c704	31603905	1
5ade61fd554299728e26c704	7966	1
5adfb10855429942ec259af9	5017429	1
5adfb10855429942ec259af9	23784230	1
5a74b55455429974ef308c39	12470581	1
5a74b55455429974ef308c39	6871680	1
5aba18ee5542994dbf0198b4	53736048	1
5aba18ee5542994dbf0198b4	26433293	1
5ae3a1aa5542994393b9e72d	2416701	1
5ae3a1aa5542994393b9e72d	84636	1
5a84a5dc5542992a431d1a82	50759390	1
5a84a5dc5542992a431d1a82	37516837	1
5ac3d10b5542993915413952	191314	1
5ac3d10b5542993915413952	363776	1
5a81736255429903bc27b96e	14348394	1
5a81736255429903bc27b96e	124609	1
5a7d2b2b5542995ed0d1661b	3300267	1
5a7d2b2b5542995ed0d1661b	179238	1
5a7662745542992db9473786	40631359	1
5a7662745542992db9473786	589924	1
5a88d7fc5542993b751ca879	30319609	1
5a88d7fc5542993b751ca879	3213059	1
5ab92f1f554299753720f77b	11383664	1
5ab92f1f554299753720f77b	12764987	1
5ae3789b5542992e3233c412	6152104	1
5ae3789b5542992e3233c412	66083	1
5a78c7db55429974737f7882	47294126	1
5a78c7db55429974737f7882	443556	1
5ab639e65542995eadeeff7f	2454238	1
5ab639e65542995eadeeff7f	44569	1
5a72ba165542992359bc318a	4851139	1
5a72ba165542992359bc318a	1197992	1
5a7558425542992db9473647	124485	1
5a7558425542992db9473647	431442	1
5abadcb35542996606241647	38320837	1
5abadcb35542996606241647	26919	1
5ae610e55542995703ce8ae1	16510723	1
5ae610e55542995703ce8ae1	1250688	1
5ae31ca155429928c4239608	739362	1
5ae31ca155429928c4239608	30685	1
5abd94525542992ac4f382d2	43665973	1
5abd94525542992ac4f382d2	40901645	1
5ae5dae2554299546bf82fa4	45167843	1
5ae5dae2554299546bf82fa4	26786	1
5a810c44554299260e20a221	15396163	1
5a810c44554299260e20a221	31446	1
5abac89d55429901930fa8b5	4239155	1
5abac89d55429901930fa8b5	299034	1
5a8e06785542995085b37383	1019192	1
5a8e06785542995085b37383	23998972	1
5ab841d15542990e739ec89d	545848	1
5ab841d15542990e739ec89d	67018	1
5ac41f1d5542991943173924	22217	1
5ac41f1d5542991943173924	700112	1
5a738fb4554299623ed4abf9	23190485	1
5a738fb4554299623ed4abf9	305376	1
5ae78f3b554299540e5a5608	53078572	1
5ae78f3b554299540e5a5608	45167756	1
5a78eb8155429970f5fffdd2	7491	1
5a78eb8155429970f5fffdd2	63576	1
5a7542425542996c70cfaecc	2317832	1
5a7542425542996c70cfaecc	449749	1
5ab5f249554299488d4d9a5d	35527065	1
5ab5f249554299488d4d9a5d	3397846	1
5a721bbc55429971e9dc9279	52495943	1
5a721bbc55429971e9dc9279	17578151	1
5ab7c6995542993667794005	30864891	1
5ab7c6995542993667794005	884570	1
5a8e00515542995a26add454	33884405	1
5a8e00515542995a26add454	16598925	1
5a81e107554299676cceb12a	44101607	1
5a81e107554299676cceb12a	43633622	1
5ac3e22d5542997ea680c976	17190106	1
5ac3e22d5542997ea680c976	9287211	1
5ab98608554299131ca42362	5215498	1
5ab98608554299131ca42362	931479	1
5ab69f13554299710c8d1ef3	614115	1
5ab69f13554299710c8d1ef3	720040	1
5a77731955429972597f1541	1653649	1
5a77731955429972597f1541	116157	1
5abd38285542993062266c19	97415	1
5abd38285542993062266c19	2809158	1
5ab36c3f55429969a97a8146	47728446	1
5ab36c3f55429969a97a8146	625674	1
5abd724b55429924427fcfd9	2962586	1
5abd724b55429924427fcfd9	124643	1
5ae45adc55429970de88d93f	13768665	1
5ae45adc55429970de88d93f	372799	1
5a8b4d5e5542995d1e6f135c	13164997	1
5a8b4d5e5542995d1e6f135c	412158	1
5a874f20554299211dda2bd6	479113	1
5a874f20554299211dda2bd6	598911	1
5a738b855542992d56e7e363	53830	1
5a738b855542992d56e7e363	52328732	1
5ae5e8dc554299546bf82fbe	410591	1
5ae5e8dc554299546bf82fbe	32498015	1
5a865e785542991e7718161b	15186436	1
5a865e785542991e7718161b	1882447	1
5ae0fb8855429920d523425b	41624363	1
5ae0fb8855429920d523425b	29832992	1
5ae34b275542992e3233c371	1979481	1
5ae34b275542992e3233c371	163494	1
5ae1dac85542997283cd229a	50221477	1
5ae1dac85542997283cd229a	3668937	1
5a7bf84b5542996dd594b875	42092737	1
5a7bf84b5542996dd594b875	29007213	1
5a8bbfb15542995e66a474f6	42966521	1
5a8bbfb15542995e66a474f6	3983307	1
5ab925c755429919ba4e23d6	13292289	1
5ab925c755429919ba4e23d6	1349706	1
5a758f775542992db9473682	1174536	1
5a758f775542992db9473682	126641	1
5ae3ff575542995dadf242aa	5631048	1
5ae3ff575542995dadf242aa	52593	1
5a72160e55429971e9dc9253	10751162	1
5a72160e55429971e9dc9253	430914	1
5a89a74e554299669944a562	54826893	1
5a89a74e554299669944a562	28190354	1
5a737d3c55429908901be2c8	46899865	1
5a737d3c55429908901be2c8	27019	1
5adf430e5542993a75d2645e	3613172	1
5adf430e5542993a75d2645e	33950159	1
5a848eff5542990548d0b2cd	2459108	1
5a848eff5542990548d0b2cd	3627963	1
5a7a05485542990198eaf04c	8915757	1
5a7a05485542990198eaf04c	16948	1
5a71148b5542994082a3e567	4403170	1
5a71148b5542994082a3e567	46954744	1
5ac00cde554299012d1db58a	16594592	1
5ac00cde554299012d1db58a	6047259	1
5a899b6455429946c8d6e955	4946798	1
5a899b6455429946c8d6e955	471247	1
5a8cea40554299441c6b9f76	358869	1
5a8cea40554299441c6b9f76	43519168	1
5ade450b5542997c77adedc5	124770	1
5ade450b5542997c77adedc5	10682043	1
5a78cc7c55429974737f789f	43906585	1
5a78cc7c55429974737f789f	43906636	1
5abee75f5542993fe9a41d8e	51486628	1
5abee75f5542993fe9a41d8e	82862	1
5abc805a554299658360045b	341903	1
5abc805a554299658360045b	15165188	1
5a8bd2f95542997f31a41dd2	14360011	1
5a8bd2f95542997f31a41dd2	2061696	1
5a7150c75542994082a3e7be	36978910	1
5a7150c75542994082a3e7be	1374651	1
5a7a77425542995eb53be83e	1358569	1
5a7a77425542995eb53be83e	8483781	1
5abf30185542990832d3a13f	9663574	1
5abf30185542990832d3a13f	40125470	1
5ab43b9d5542990594ba9bc3	18077799	1
5ab43b9d5542990594ba9bc3	179025	1
5a8f54215542992414482a54	2860246	1
5a8f54215542992414482a54	534396	1
5a8ab6be5542992d82986f5f	9091875	1
5a8ab6be5542992d82986f5f	14498090	1
5a862974554299211dda2a95	5721333	1
5a862974554299211dda2a95	1325535	1
5adfeb0555429942ec259b88	21402308	1
5adfeb0555429942ec259b88	319947	1
5a87d8355542993e715abfe4	53128875	1
5a87d8355542993e715abfe4	1244384	1
5a84e4bc5542997b5ce3ff81	33768500	1
5a84e4bc5542997b5ce3ff81	25452788	1
5a8347d65542996488c2e3f6	30094148	1
5a8347d65542996488c2e3f6	464883	1
5a7aa0a55542990198eaf165	53835221	1
5a7aa0a55542990198eaf165	2599284	1
5ae0b8bb55429924de1b7145	1133306	1
5ae0b8bb55429924de1b7145	1208294	1
5ae2e8e05542991a06ce98fb	28737843	1
5ae2e8e05542991a06ce98fb	11772389	1
5a7faa215542995d8a8ddee8	2043323	1
5a7faa215542995d8a8ddee8	125231	1
5ab67cf455429954757d3302	45609404	1
5ab67cf455429954757d3302	15326144	1
5adf39765542993a75d26435	2178180	1
5adf39765542993a75d26435	14179	1
5abe92de5542993f32c2a16b	1377176	1
5abe92de5542993f32c2a16b	3126254	1
5ae1599155429901ffe4ae7b	14309045	1
5ae1599155429901ffe4ae7b	2234151	1
5ab5a3fb5542997d4ad1f19b	22561585	1
5ab5a3fb5542997d4ad1f19b	1103138	1
5a74397055429974ef308bbe	35968269	1
5a74397055429974ef308bbe	1664132	1
5a8ec7cc5542995a26add518	816207	1
5a8ec7cc5542995a26add518	3609641	1
5a7b215f55429931da12c9e3	422556	1
5a7b215f55429931da12c9e3	1006483	1
5ab29624554299545a2cf9b5	9004099	1
5ab29624554299545a2cf9b5	5356554	1
5a7cdc54554299683c1c63a5	5189952	1
5a7cdc54554299683c1c63a5	350584	1
5ae2070a5542994d89d5b313	428029	1
5ae2070a5542994d89d5b313	38759285	1
5add6f975542992200553b18	308485	1
5add6f975542992200553b18	38935	1
5ade1f1c55429939a52fe82d	891601	1
5ade1f1c55429939a52fe82d	1752246	1
5a7384755542992d56e7e354	245695	1
5a7384755542992d56e7e354	1528132	1
5a8dcbc0554299068b959df4	2850867	1
5a8dcbc0554299068b959df4	1212038	1
5adea83b55429975fa854f53	28652646	1
5adea83b55429975fa854f53	572573	1
5add63845542992ae4cec541	30034716	1
5add63845542992ae4cec541	641975	1
5a794f8155429970f5fffe95	3834390	1
5a794f8155429970f5fffe95	782651	1
5a75fa8c55429976ec32bcda	13426694	1
5a75fa8c55429976ec32bcda	172299	1
5a8787915542996e4f30882e	45266920	1
5a8787915542996e4f30882e	4193180	1
5ae46b615542995dadf24327	382196	1
5ae46b615542995dadf24327	38773	1
5ac119335542992a796dede4	21120830	1
5ac119335542992a796dede4	159344	1
5a8836445542997e5c09a5a5	54212541	1
5a8836445542997e5c09a5a5	458618	1
5ab520645542991779162d85	6103239	1
5ab520645542991779162d85	651532	1
5ab504865542991779162d52	28284264	1
5ab504865542991779162d52	30404223	1
5a7cba005542990527d55516	30630398	1
5a7cba005542990527d55516	67756	1
5ab2979c554299449642c919	43271109	1
5ab2979c554299449642c919	40403652	1
5ae365205542990afbd1e12d	3471986	1
5ae365205542990afbd1e12d	228211	1
5a8cc08455429941ae14deea	2112793	1
5a8cc08455429941ae14deea	2112996	1
5ae7793c554299540e5a55c2	46823925	1
5ae7793c554299540e5a55c2	13475191	1
5ae0b9b155429924de1b7152	379915	1
5ae0b9b155429924de1b7152	194037	1
5a8e0b7f5542995085b373ae	39469127	1
5a8e0b7f5542995085b373ae	884845	1
5a8c06bb5542995e66a47530	7836349	1
5a8c06bb5542995e66a47530	175028	1
5ac13f425542991316484a96	2486450	1
5ac13f425542991316484a96	264229	1
5ac0a18a5542992a796ded41	5182584	1
5ac0a18a5542992a796ded41	701677	1
5a8f9c3f554299458435d69a	19348174	1
5a8f9c3f554299458435d69a	171038	1
5ab2f50a55429929539468cd	27260437	1
5ab2f50a55429929539468cd	693711	1
5ab67c0055429954757d32f6	42760343	1
5ab67c0055429954757d32f6	1851755	1
5a73471a5542991f9a20c6d7	30583715	1
5a73471a5542991f9a20c6d7	2624942	1
5a7f567e5542992097ad2f22	1997209	1
5a7f567e5542992097ad2f22	2873807	1
5ac46a8b5542991943173980	238573	1
5ac46a8b5542991943173980	43771034	1
5a80ad205542992bc0c4a79d	20217190	1
5a80ad205542992bc0c4a79d	2364715	1
5ae641f65542992ae0d162a3	22730666	1
5ae641f65542992ae0d162a3	14382613	1
5ae6f2a7554299572ea5464a	1234317	1
5ae6f2a7554299572ea5464a	10730517	1
5a887f5c554299206df2b2c0	20658467	1
5a887f5c554299206df2b2c0	102096	1
5a7f2d3e5542993067513675	268993	1
5a7f2d3e5542993067513675	693749	1
5a7c220b5542990527d5545c	26748036	1
5a7c220b5542990527d5545c	526703	1
5ac1c9a15542994ab5c67e1c	53473062	1
5ac1c9a15542994ab5c67e1c	85423	1
5ae5c74d554299546bf82f58	39794986	1
5ae5c74d554299546bf82f58	473007	1
5ab5cb4f554299637185c616	48895111	1
5ab5cb4f554299637185c616	30978	1
5ae0132d55429925eb1afc00	18207527	1
5ae0132d55429925eb1afc00	136882	1
5a7b12a355429927d897bf2a	10829021	1
5a7b12a355429927d897bf2a	5638067	1
5adf86b45542993344016cc1	7751190	1
5adf86b45542993344016cc1	54386	1
5abc0ac455429959677d6a01	10931957	1
5abc0ac455429959677d6a01	161301	1
5a7ce6bf55429909bec7686c	42460472	1
5a7ce6bf55429909bec7686c	3241238	1
5a81b99c5542995ce29dcc56	44541097	1
5a81b99c5542995ce29dcc56	339	1
5ae7257a554299572ea54731	49415983	1
5ae7257a554299572ea54731	1891886	1
5ae81b2755429952e35eaa1e	28976206	1
5ae81b2755429952e35eaa1e	50206	1
5abc5951554299114383a116	45260052	1
5abc5951554299114383a116	36285901	1
5a81b7205542990a1d231e79	7242849	1
5a81b7205542990a1d231e79	690640	1
5a804510554299485f5985af	49212346	1
5a804510554299485f5985af	43949862	1
5ae2a9c6554299492dc91c42	618687	1
5ae2a9c6554299492dc91c42	3435016	1
5abf1e825542997ec76fd3cb	45366326	1
5abf1e825542997ec76fd3cb	3824986	1
5add13b15542994ed6169c65	17287648	1
5add13b15542994ed6169c65	226214	1
5ae07db855429945ae95937a	38073620	1
5ae07db855429945ae95937a	37884643	1
5a72944c5542994cef4bc351	1025471	1
5a72944c5542994cef4bc351	1199884	1
5a74a62b55429916b01641a0	479093	1
5a74a62b55429916b01641a0	184079	1
5ab2af1655429929539467eb	10068088	1
5ab2af1655429929539467eb	267239	1
5abb8e2d554299642a094aa4	846311	1
5abb8e2d554299642a094aa4	438281	1
5ac54f8d5542993e66e822f5	404048	1
5ac54f8d5542993e66e822f5	1208	1
5a78fe8155429970f5fffe11	1281546	1
5a78fe8155429970f5fffe11	595777	1
5abdf1fe55429976d4830a31	24758230	1
5abdf1fe55429976d4830a31	55135110	1
5a8e276b5542995a26add468	2071751	1
5a8e276b5542995a26add468	54503	1
5abee69c5542993fe9a41d8b	11329344	1
5abee69c5542993fe9a41d8b	33921	1
5a8834f05542994846c1ce26	25566244	1
5a8834f05542994846c1ce26	60587	1
5a83041355429966c78a6ae8	92353	1
5a83041355429966c78a6ae8	36069998	1
5aba768c55429901930fa7e0	3661755	1
5aba768c55429901930fa7e0	569820	1
5a8c6342554299240d9c214a	3821356	1
5a8c6342554299240d9c214a	19373302	1
5a83c56d5542996488c2e4c3	3238840	1
5a83c56d5542996488c2e4c3	952655	1
5addfdfa5542997dc790710b	111267	1
5addfdfa5542997dc790710b	3244595	1
5a7c68575542996dd594b91c	1299675	1
5a7c68575542996dd594b91c	972271	1
5abdcea955429965af743e5a	25679549	1
5abdcea955429965af743e5a	9537085	1
5a85df525542994c784ddb9f	47132601	1
5a85df525542994c784ddb9f	1573080	1
5ae0d9c555429924de1b719a	13998846	1
5ae0d9c555429924de1b719a	1255367	1
5ae0b68e55429906c02daafb	29789170	1
5ae0b68e55429906c02daafb	9288	1
5ab4071955429976abd1bd38	7416129	1
5ab4071955429976abd1bd38	53494	1
5a89a82c5542993b751ca973	845609	1
5a89a82c5542993b751ca973	225718	1
5a793d335542994bb9456fca	12546101	1
5a793d335542994bb9456fca	26146987	1
5ab7f3285542992aa3b8c88f	49072098	1
5ab7f3285542992aa3b8c88f	141986	1
5a908aaa55429933b8a20545	433968	1
5a908aaa55429933b8a20545	62075	1
5a8a07af55429970aeb70222	294550	1
5a8a07af55429970aeb70222	263637	1
5a7e1a5455429965cec5ea5f	11337194	1
5a7e1a5455429965cec5ea5f	2401235	1
5a8dd5f955429917b4a5bcc7	34612184	1
5a8dd5f955429917b4a5bcc7	348734	1
5a84bc5b5542991dd0999dc3	3183105	1
5a84bc5b5542991dd0999dc3	3183089	1
5ac3b40a554299741d48a2e5	363067	1
5ac3b40a554299741d48a2e5	255102	1
5ab6e865554299710c8d1fad	8397	1
5ab6e865554299710c8d1fad	2043134	1
5ae537a855429960a22e0266	36696156	1
5ae537a855429960a22e0266	464847	1
5a87ee7b55429938390d3eb6	12979541	1
5a87ee7b55429938390d3eb6	252803	1
5abd13b655429924427fceea	33125815	1
5abd13b655429924427fceea	416688	1
5ae322b75542994393b9e622	37103670	1
5ae322b75542994393b9e622	3721279	1
5a79c1185542994bb9457065	37854945	1
5a79c1185542994bb9457065	1449437	1
5ab7f27e5542991d322237d6	3724095	1
5ab7f27e5542991d322237d6	2566183	1
5ae3b1ba5542992f92d82343	46877995	1
5ae3b1ba5542992f92d82343	40944797	1
5abbf519554299114383a0ad	604122	1
5abbf519554299114383a0ad	336343	1
5ae8027d5542993210984031	7657343	1
5ae8027d5542993210984031	1205862	1
5a729e7b5542992359bc313d	7165129	1
5a729e7b5542992359bc313d	734935	1
5ae22eae554299495565da30	18649520	1
5ae22eae554299495565da30	124623	1
5a8b397955429971feec4674	2148294	1
5a8b397955429971feec4674	81795	1
5ac373195542995ef918c199	3690786	1
5ac373195542995ef918c199	242080	1
5a7600275542994ccc91867a	43741831	1
5a7600275542994ccc91867a	41743853	1
5ae402085542995dadf242ca	33246575	1
5ae402085542995dadf242ca	24960522	1
5a8f1cfa554299458435d581	2319248	1
5a8f1cfa554299458435d581	3762237	1
5ae32c935542990afbd1e0bd	39766494	1
5ae32c935542990afbd1e0bd	235719	1
5add98ef5542997545bbbd82	30871384	1
5add98ef5542997545bbbd82	28176	1
5ae356045542990afbd1e10d	10989055	1
5ae356045542990afbd1e10d	5883363	1
5a7647505542992d0ec06089	1520733	1
5a7647505542992d0ec06089	142695	1
5a7b374c5542995eb53be8cc	30995377	1
5a7b374c5542995eb53be8cc	4491426	1
5a79c1095542996c55b2dc62	19669979	1
5a79c1095542996c55b2dc62	3488328	1
5abd0b6b5542996e802b46b4	12606714	1
5abd0b6b5542996e802b46b4	3298283	1
5ae3a0be5542991a06ce9a05	48727953	1
5ae3a0be5542991a06ce9a05	9189501	1
5abe45b855429976d4830ad0	1123210	1
5abe45b855429976d4830ad0	343022	1
5a8198565542995ce29dcc13	2444738	1
5a8198565542995ce29dcc13	4886300	1
5a776a805542993735360269	15757816	1
5a776a805542993735360269	1683375	1
5aba9db7554299232ef4a361	23481663	1
5aba9db7554299232ef4a361	6351910	1
5ae68fcb5542992ae0d1635b	44121216	1
5ae68fcb5542992ae0d1635b	645289	1
5a7e0ed25542991319bc9424	4939206	1
5a7e0ed25542991319bc9424	1574246	1
5abe765a55429976d4830b1f	12472317	1
5abe765a55429976d4830b1f	238832	1
5aba510f5542994dbf0198d6	53781234	1
5aba510f5542994dbf0198d6	25407774	1
5ab5499e5542992aa134a295	33691439	1
5ab5499e5542992aa134a295	3726249	1
5ae537895542990ba0bbb234	2517669	1
5ae537895542990ba0bbb234	2542604	1
5ae40a2955429970de88d8a3	966848	1
5ae40a2955429970de88d8a3	559961	1
5a7cd8da55429909bec76845	660968	1
5a7cd8da55429909bec76845	38543	1
5abc0a5d5542993f40c73c64	28039883	1
5abc0a5d5542993f40c73c64	7623313	1
5a758ce05542992db947367c	24994945	1
5a758ce05542992db947367c	170490	1
5a820f2c55429926c1cdae17	613476	1
5a820f2c55429926c1cdae17	21325855	1
5a7730015542994aec3b7210	20773616	1
5a7730015542994aec3b7210	2655089	1
5a714bb35542994082a3e78f	37934	1
5a714bb35542994082a3e78f	94339	1
5a7de63c5542995f4f4022f5	663	1
5a7de63c5542995f4f4022f5	80897	1
5ae0cf8355429945ae959464	209416	1
5ae0cf8355429945ae959464	18636054	1
5a8e0cb85542995085b373b2	2069950	1
5a8e0cb85542995085b373b2	47167080	1
5a8066d15542992097ad2fe8	10093062	1
5a8066d15542992097ad2fe8	175864	1
5ac199955542994ab5c67d8c	27954628	1
5ac199955542994ab5c67d8c	10309519	1
5ac2659b55429963665199a1	53982758	1
5ac2659b55429963665199a1	3815624	1
5a9068075542990a9849361a	165887	1
5a9068075542990a9849361a	1762010	1
5ae7ef625542994a481bbe40	33516416	1
5ae7ef625542994a481bbe40	2999461	1
5ae67def5542991bbc9760f3	13999195	1
5ae67def5542991bbc9760f3	18432521	1
5ae54c085542992663a4f1c4	27287532	1
5ae54c085542992663a4f1c4	335568	1
5a7ce50f55429909bec76869	11899948	1
5a7ce50f55429909bec76869	76442	1
5abaf4535542996cc5e49f35	36987291	1
5abaf4535542996cc5e49f35	7889685	1
5abface75542990832d3a196	52809645	1
5abface75542990832d3a196	2080826	1
5ab9535a5542996be202047e	52262559	1
5ab9535a5542996be202047e	43794574	1
5ae1cf355542997f29b3c126	357525	1
5ae1cf355542997f29b3c126	1553486	1
5a7adaa35542992d025e670c	2222864	1
5a7adaa35542992d025e670c	129368	1
5a7df6e65542995f4f402353	205487	1
5a7df6e65542995f4f402353	359528	1
5ac4a7615542996feb3fe92a	24307501	1
5ac4a7615542996feb3fe92a	27498981	1
5a74ae6a55429916b01641c9	52454743	1
5a74ae6a55429916b01641c9	255556	1
5a73073d55429901807daf69	7679533	1
5a73073d55429901807daf69	57047	1
5ae195bf5542997b2ef7d207	215192	1
5ae195bf5542997b2ef7d207	561852	1
5ae4d1a355429913cc204513	1475688	1
5ae4d1a355429913cc204513	5726117	1
5a7905f555429974737f7947	36713543	1
5a7905f555429974737f7947	57400	1
5a7cf3d655429909bec768bf	5266543	1
5a7cf3d655429909bec768bf	714311	1
5a7268235542992359bc3081	17061149	1
5a7268235542992359bc3081	5129964	1
5ae14def55429901ffe4ae4a	959072	1
5ae14def55429901ffe4ae4a	61982	1
5ae00b9f554299025d62a3c3	37406980	1
5ae00b9f554299025d62a3c3	1023874	1
5ae608c15542992663a4f246	42097262	1
5ae608c15542992663a4f246	31365	1
5ab84bab55429934fafe6d49	18083724	1
5ab84bab55429934fafe6d49	6179618	1
5ae7a6da5542994a481bbdb9	22239407	1
5ae7a6da5542994a481bbdb9	2038519	1
5ab9bb8355429970cfb8eb8b	24626957	1
5ab9bb8355429970cfb8eb8b	14661857	1
5a7521c55542993748c897c6	35234176	1
5a7521c55542993748c897c6	1725747	1
5ac298f9554299657fa28fc9	1593800	1
5ac298f9554299657fa28fc9	3590967	1
5a79b495554299148911fa3b	5980374	1
5a79b495554299148911fa3b	143377	1
5ae034bd55429925eb1afc2a	18669719	1
5ae034bd55429925eb1afc2a	420719	1
5ae45cba5542991a06ce9a4a	25828999	1
5ae45cba5542991a06ce9a4a	1631459	1
5a8f72de5542997ba9cb3266	23887358	1
5a8f72de5542997ba9cb3266	12565094	1
5a7736bc554299373536021b	20354344	1
5a7736bc554299373536021b	1425	1
5ac2f79e5542996773102661	44124659	1
5ac2f79e5542996773102661	50488827	1
5a77beae5542992a6e59dfae	29802669	1
5a77beae5542992a6e59dfae	2516625	1
5a89a92a55429946c8d6e98c	2392013	1
5a89a92a55429946c8d6e98c	2456803	1
5a8da70a5542994ba4e3dcea	33821724	1
5a8da70a5542994ba4e3dcea	46991545	1
5ac2680055429963665199a8	35139536	1
5ac2680055429963665199a8	31165	1
5adf51e05542995534e8c78a	38766779	1
5adf51e05542995534e8c78a	2352776	1
5a7d68e25542995f4f402270	43741122	1
5a7d68e25542995f4f402270	78362	1
5ab9fe1255429939ce03dc40	30873782	1
5ab9fe1255429939ce03dc40	11417854	1
5abfe1115542997d64295909	10659334	1
5abfe1115542997d64295909	567065	1
5a7cd7f055429909bec7683e	47303940	1
5a7cd7f055429909bec7683e	877112	1
5abdb10f55429965af743dc9	2855483	1
5abdb10f55429965af743dc9	8712521	1
5adc393f5542996e685252e7	27928293	1
5adc393f5542996e685252e7	2547363	1
5ab95a63554299743d22eb06	39277628	1
5ab95a63554299743d22eb06	3124625	1
5adf434c5542993a75d26462	53555999	1
5adf434c5542993a75d26462	49908604	1
5ab51dae5542991779162d82	2080595	1
5ab51dae5542991779162d82	262473	1
5a77b6c85542992a6e59df96	16458015	1
5a77b6c85542992a6e59df96	179976	1
5a8f23555542997ba9cb31e3	26336246	1
5a8f23555542997ba9cb31e3	39538382	1
5ab90a2055429916710eb0ea	46879040	1
5ab90a2055429916710eb0ea	30939720	1
5ae60484554299546bf8301a	900748	1
5ae60484554299546bf8301a	305897	1
5ae3f7575542995dadf24277	8576201	1
5ae3f7575542995dadf24277	1669290	1
5adefcf15542995ec70e8f4c	7535757	1
5adefcf15542995ec70e8f4c	4474885	1
5ade9c9c5542997c77adee8c	6053467	1
5ade9c9c5542997c77adee8c	2557423	1
5a8662b955429960ec39b687	1446038	1
5a8662b955429960ec39b687	1752682	1
5a8b595855429949d91db563	25290579	1
5a8b595855429949d91db563	669185	1
5ab6ba045542995eadef007e	528246	1
5ab6ba045542995eadef007e	31342	1
5a7281075542994cef4bc2e9	411770	1
5a7281075542994cef4bc2e9	381075	1
5ab299d6554299449642c926	46883697	1
5ab299d6554299449642c926	360283	1
5a7e23655542997cc2c47528	15255137	1
5a7e23655542997cc2c47528	116203	1
5a7353b35542994cef4bc54f	5490332	1
5a7353b35542994cef4bc54f	54675	1
5ab2fccb5542991669774176	54151588	1
5ab2fccb5542991669774176	180178	1
5add56a85542992200553abe	22073773	1
5add56a85542992200553abe	613548	1
5ae49bb755429970de88d9d7	54164311	1
5ae49bb755429970de88d9d7	404782	1
5ab632aa55429953192ad296	54265835	1
5ab632aa55429953192ad296	607950	1
5a7a3d435542996a35c17154	30947843	1
5a7a3d435542996a35c17154	307186	1
5abed4d55542990832d3a0e0	691279	1
5abed4d55542990832d3a0e0	3000798	1
5a7af32e55429931da12c99c	21184849	1
5a7af32e55429931da12c99c	2079640	1
5a7369da55429901807db037	4573072	1
5a7369da55429901807db037	64710	1
5a823f61554299676cceb234	1599692	1
5a823f61554299676cceb234	15571	1
5a7f6fd75542992e7d278cfa	19713483	1
5a7f6fd75542992e7d278cfa	22003	1
5ab862f95542992aa3b8c8d4	23243705	1
5ab862f95542992aa3b8c8d4	383481	1
5aba11d25542994dbf0198a6	25468812	1
5aba11d25542994dbf0198a6	199070	1
5ae2bba35542992decbdcd89	4958446	1
5ae2bba35542992decbdcd89	248601	1
5a77789d55429949eeb29e4e	2743891	1
5a77789d55429949eeb29e4e	690051	1
5ae3fe635542996836b02c07	6535406	1
5ae3fe635542996836b02c07	872237	1
5a72120e55429971e9dc923f	1886097	1
5a72120e55429971e9dc923f	42160	1
5ab6cce1554299710c8d1f67	50003988	1
5ab6cce1554299710c8d1f67	21482	1
5a8c42445542996e8ac88a3f	45104607	1
5a8c42445542996e8ac88a3f	924224	1
5add7ce55542992ae4cec585	49418929	1
5add7ce55542992ae4cec585	63179	1
5a792ad055429907847277d1	1166822	1
5a792ad055429907847277d1	30873367	1
5abc6d14554299700f9d78bf	43147579	1
5abc6d14554299700f9d78bf	469613	1
5a7e49e05542991319bc9463	420107	1
5a7e49e05542991319bc9463	659333	1
5ade3af855429939a52fe867	28942985	1
5ade3af855429939a52fe867	1674887	1
5a78e9a2554299148911f995	2220938	1
5a78e9a2554299148911f995	3231026	1
5a75eb125542994ccc918659	1741520	1
5a75eb125542994ccc918659	2634558	1
5a7a46605542994f819ef1ad	42150660	1
5a7a46605542994f819ef1ad	507789	1
5ac2381355429951e9e684a9	2637662	1
5ac2381355429951e9e684a9	5740017	1
5a884adb5542996e4f308938	68293	1
5a884adb5542996e4f308938	6016396	1
5a810d7655429903bc27b915	27988458	1
5a810d7655429903bc27b915	435531	1
5a876cd55542993e715abf36	26744321	1
5a876cd55542993e715abf36	50724551	1
5a7337715542991f9a20c690	42583031	1
5a7337715542991f9a20c690	106337	1
5ac2cb3e5542996773102627	5067429	1
5ac2cb3e5542996773102627	957565	1
5ab467975542991751b4d75f	29142373	1
5ab467975542991751b4d75f	8689601	1
5a8dafbd554299068b959da0	54404283	1
5a8dafbd554299068b959da0	49555223	1
5ac19ff35542991316484b61	10876585	1
5ac19ff35542991316484b61	6018749	1
5abea98d5542990832d3a07d	55015779	1
5abea98d5542990832d3a07d	842201	1
5a834ed95542990548d0b1ca	17615375	1
5a834ed95542990548d0b1ca	909958	1
5a7a2be25542996a35c17118	8991706	1
5a7a2be25542996a35c17118	855702	1
5ac1d40c5542994d76dccef5	7124150	1
5ac1d40c5542994d76dccef5	150550	1
5ade007e5542997545bbbdf4	7563259	1
5ade007e5542997545bbbdf4	1685726	1
5ab9d2e255429955dce3ed90	507393	1
5ab9d2e255429955dce3ed90	109064	1
5a721b9055429971e9dc9277	5116420	1
5a721b9055429971e9dc9277	1511608	1
5ae2120c5542997283cd23ac	6779062	1
5ae2120c5542997283cd23ac	8716	1
5a7323ad5542994cef4bc476	3812907	1
5a7323ad5542994cef4bc476	18197266	1
5add3e2b5542997545bbbcf5	44700227	1
5add3e2b5542997545bbbcf5	483274	1
5a7a48c45542994f819ef1b7	7859913	1
5a7a48c45542994f819ef1b7	3870670	1
5a836a765542996488c2e446	254773	1
5a836a765542996488c2e446	23474985	1
5ab514c05542991779162d72	22602298	1
5ab514c05542991779162d72	9609299	1
5abb14a55542992ccd8e7f06	31622364	1
5abb14a55542992ccd8e7f06	988886	1
5adde2475542997545bbbdc1	32469458	1
5adde2475542997545bbbdc1	3616702	1
5ab92307554299753720f72d	38307633	1
5ab92307554299753720f72d	47402187	1
5a7b9f1f554299294a54aa2a	3433186	1
5a7b9f1f554299294a54aa2a	2306629	1
5adcd5005542994d58a2f6f0	3150498	1
5adcd5005542994d58a2f6f0	50286	1
5a7716ee55429937353601cc	47019680	1
5a7716ee55429937353601cc	21143211	1
5aba97ed55429901930fa84d	43615736	1
5aba97ed55429901930fa84d	1513496	1
5ab3ede755429976abd1bcf4	32590800	1
5ab3ede755429976abd1bcf4	4350811	1
5ae4c8f35542990ba0bbb130	39368959	1
5ae4c8f35542990ba0bbb130	213077	1
5a861c0d5542994775f606f7	30003703	1
5a861c0d5542994775f606f7	170984	1
5ac3d9135542995c82c4ac4c	17865813	1
5ac3d9135542995c82c4ac4c	124549	1
5adfb78f5542995ec70e9081	2278056	1
5adfb78f5542995ec70e9081	1186616	1
5a7cb8bc554299452d57b9be	24501372	1
5a7cb8bc554299452d57b9be	1638813	1
5a8e7c095542990e94052b22	29318391	1
5a8e7c095542990e94052b22	294161	1
5ae00895554299025d62a3b2	1177108	1
5ae00895554299025d62a3b2	1142204	1
5ab9e477554299232ef4a25d	269156	1
5ab9e477554299232ef4a25d	1657438	1
5abafb6d5542992ccd8e7e92	41313165	1
5abafb6d5542992ccd8e7e92	33303392	1
5ab2bc80554299194fa934d7	36411057	1
5ab2bc80554299194fa934d7	127275	1
5a775f8a5542994aec3b72ba	50224072	1
5a775f8a5542994aec3b72ba	18904572	1
5adc2e3d554299438c868d6b	48272667	1
5adc2e3d554299438c868d6b	547412	1
5ac194db55429964131be23a	28025743	1
5ac194db55429964131be23a	1514	1
5ab7fd6b5542990e739ec7b5	34593839	1
5ab7fd6b5542990e739ec7b5	1242364	1
5ab2d3c5554299295394687a	101393	1
5ab2d3c5554299295394687a	21810192	1
5ae14cf05542990adbacf742	8956206	1
5ae14cf05542990adbacf742	19385675	1
5abd82dc5542993062266cb6	8122	1
5abd82dc5542993062266cb6	3986714	1
5ab201765542993be8fa98a4	10966255	1
5ab201765542993be8fa98a4	351572	1
5a71474b5542994082a3e74f	12753172	1
5a71474b5542994082a3e74f	52188771	1
5adc7dbf5542994d58a2f618	389804	1
5adc7dbf5542994d58a2f618	2832107	1
5a790e69554299148911f9d7	19459977	1
5a790e69554299148911f9d7	151094	1
5addb7b65542997545bbbdba	2678316	1
5addb7b65542997545bbbdba	250512	1
5a8cc7af554299653c1aa11e	932282	1
5a8cc7af554299653c1aa11e	460648	1
5adf4a275542993a75d26498	5297517	1
5adf4a275542993a75d26498	894935	1
5a7a5cc955429941d65f25d6	53470812	1
5a7a5cc955429941d65f25d6	3132158	1
5a778b1e55429949eeb29ee3	35540975	1
5a778b1e55429949eeb29ee3	1056464	1
5a82fe5055429966c78a6ad3	19086053	1
5a82fe5055429966c78a6ad3	479169	1
5ac24d725542996366519966	13381458	1
5ac24d725542996366519966	1593916	1
5adf4da15542995534e8c780	41157167	1
5adf4da15542995534e8c780	3574309	1
5ac09d265542992a796ded39	186417	1
5ac09d265542992a796ded39	47643	1
5ae53de455429908b6326599	6889511	1
5ae53de455429908b6326599	5066530	1
5a8c5794554299240d9c2131	2546081	1
5a8c5794554299240d9c2131	1792612	1
5ae135fb55429920d523431f	40779057	1
5ae135fb55429920d523431f	47542	1
5ac23f5655429951e9e684d9	23190485	1
5ac23f5655429951e9e684d9	1763140	1
5a90991d5542990a9849366b	24754140	1
5a90991d5542990a9849366b	15087942	1
5a7f725355429969796c1a55	15959222	1
5a7f725355429969796c1a55	4093318	1
5a7125165542994082a3e5d0	53424	1
5a7125165542994082a3e5d0	37934	1
5ae6b6065542991bbc976168	23636141	1
5ae6b6065542991bbc976168	10082922	1
5ae0ab7755429945ae959407	36349606	1
5ae0ab7755429945ae959407	517096	1
5ae5d008554299546bf82f7d	47318131	1
5ae5d008554299546bf82f7d	529735	1
5ab674b7554299110f219a0c	668627	1
5ab674b7554299110f219a0c	22859458	1
5a80cf4c55429938b61421f6	27377272	1
5a80cf4c55429938b61421f6	597688	1
5a8c9641554299585d9e36f5	1653726	1
5a8c9641554299585d9e36f5	163282	1
5ab529b8554299637185c4e7	42850197	1
5ab529b8554299637185c4e7	3873	1
5a8762205542996e4f3087b8	920988	1
5a8762205542996e4f3087b8	3542920	1
5ae400ab5542995dadf242be	13858230	1
5ae400ab5542995dadf242be	1636433	1
5ab90db455429916710eb0f2	3297186	1
5ab90db455429916710eb0f2	3149251	1
5a7c99d555429935c91b5254	42874	1
5a7c99d555429935c91b5254	36907	1
5a80735b554299485f5985f3	1495748	1
5a80735b554299485f5985f3	4634014	1
5a7c04c85542996dd594b881	775606	1
5a7c04c85542996dd594b881	236774	1
5a7322a25542991f9a20c634	1808763	1
5a7322a25542991f9a20c634	41231847	1
5a8bae135542996e8ac889b6	6105156	1
5a8bae135542996e8ac889b6	164370	1
5a7319e755429901807daf86	8639091	1
5a7319e755429901807daf86	14808650	1
5a7320565542991f9a20c61d	4301922	1
5a7320565542991f9a20c61d	2734548	1
5adff056554299603e4183cc	3227178	1
5adff056554299603e4183cc	5579577	1
5adf85e05542993344016cba	6417643	1
5adf85e05542993344016cba	352843	1
5abc436f5542993a06baf8c3	44743673	1
5abc436f5542993a06baf8c3	3258978	1
5a84b6ed5542994c784dda18	30803507	1
5a84b6ed5542994c784dda18	549251	1
5a88cc8f55429938390d3fc5	49554928	1
5a88cc8f55429938390d3fc5	106337	1
5a8642045542991e771815e2	1865442	1
5a8642045542991e771815e2	8758	1
5ae3f2895542995ad6573cc9	184311	1
5ae3f2895542995ad6573cc9	423506	1
5a7a37b85542996c55b2dd3f	5590710	1
5a7a37b85542996c55b2dd3f	37256	1
5a89007355429938390d4026	23745402	1
5a89007355429938390d4026	142540	1
5a8a09565542992d82986e66	51861720	1
5a8a09565542992d82986e66	33259825	1
5a8abcab5542996c9b8d5f67	64965	1
5a8abcab5542996c9b8d5f67	213246	1
5a808c215542995d8a8ddf90	19852544	1
5a808c215542995d8a8ddf90	1108266	1
5add8ec55542997545bbbd7e	147953	1
5add8ec55542997545bbbd7e	177383	1
5a88016b5542997e5c09a58a	6076780	1
5a88016b5542997e5c09a58a	23736108	1
5a79a26d554299029c4b5f63	10798499	1
5a79a26d554299029c4b5f63	31535	1
5aba05cb55429939ce03dc56	993293	1
5aba05cb55429939ce03dc56	161591	1
5a7f3d9b5542992e7d278cb8	3840590	1
5a7f3d9b5542992e7d278cb8	473261	1
5ac3e07b5542997ea680c96c	296099	1
5ac3e07b5542997ea680c96c	1597347	1
5abdd08d5542991f6610604c	1513192	1
5abdd08d5542991f6610604c	43402974	1
5a822a5e55429926c1cdae43	779851	1
5a822a5e55429926c1cdae43	837131	1
5a7f341655429930675136a0	28900583	1
5a7f341655429930675136a0	172104	1
5ae7ba7a5542993210983f12	4349307	1
5ae7ba7a5542993210983f12	2424169	1
5a8a03985542992e4fca84d6	31251730	1
5a8a03985542992e4fca84d6	159012	1
5a79d2fe5542994f819ef0c3	41983071	1
5a79d2fe5542994f819ef0c3	9545624	1
5ac1682855429964131be1d2	37846741	1
5ac1682855429964131be1d2	142608	1
5ab54056554299488d4d9923	1856033	1
5ab54056554299488d4d9923	789930	1
5ab67bd355429954757d32f2	4046524	1
5ab67bd355429954757d32f2	1278218	1
5a7fe0b55542994857a76818	16844049	1
5a7fe0b55542994857a76818	4129942	1
5ae375955542990afbd1e15d	39838771	1
5ae375955542990afbd1e15d	32780992	1
5ae1d1995542997283cd226c	20132844	1
5ae1d1995542997283cd226c	50695685	1
5ab2ac3d55429929539467ce	28994944	1
5ab2ac3d55429929539467ce	58553	1
5ab438395542990594ba9bb9	26143067	1
5ab438395542990594ba9bb9	7954925	1
5abb30755542996cc5e49fd8	871552	1
5abb30755542996cc5e49fd8	11955	1
5a83d0845542996488c2e4e6	3612689	1
5a83d0845542996488c2e4e6	577710	1
5abc41315542993a06baf8bb	1589750	1
5abc41315542993a06baf8bb	509792	1
5abba8545542993f40c73b72	36258076	1
5abba8545542993f40c73b72	159362	1
5a8b7d7d5542997f31a41d4b	41326625	1
5a8b7d7d5542997f31a41d4b	691097	1
5ade51515542992fa25da745	40834834	1
5ade51515542992fa25da745	29684300	1
5ae2cbc9554299495565db36	53924553	1
5ae2cbc9554299495565db36	2379939	1
5adf65555542992d7e9f9334	8040608	1
5adf65555542992d7e9f9334	680674	1
5a7f010955429934daa2fc8b	10576	1
5a7f010955429934daa2fc8b	5716164	1
5a8639545542991e771815c7	62211	1
5a8639545542991e771815c7	2721597	1
5a7199725542994082a3e88f	683797	1
5a7199725542994082a3e88f	4634998	1
5a74551555429974ef308bd9	10482733	1
5a74551555429974ef308bd9	1842027	1
5a7b76225542997c3ec9719c	7400291	1
5a7b76225542997c3ec9719c	2429734	1
5a80a587554299485f598676	165681	1
5a80a587554299485f598676	215890	1
5a79f6825542996c55b2dcb4	1611832	1
5a79f6825542996c55b2dcb4	2373875	1
5a7b1a82554299042af8f6cf	9091180	1
5a7b1a82554299042af8f6cf	92639	1
5ae600325542992663a4f237	46549630	1
5ae600325542992663a4f237	880265	1
5a8e0a005542995085b373a1	31439676	1
5a8e0a005542995085b373a1	3275986	1
5a85b2d95542997b5ce40028	507437	1
5a85b2d95542997b5ce40028	282635	1
5ac240ef55429951e9e684ef	11174442	1
5ac240ef55429951e9e684ef	1856234	1
5a8b429f5542995d1e6f132c	21851242	1
5a8b429f5542995d1e6f132c	44447394	1
5a72abb95542992359bc3162	27617955	1
5a72abb95542992359bc3162	41498488	1
5a7b23d355429931da12c9f1	6614250	1
5a7b23d355429931da12c9f1	5068852	1
5ac42c6d5542997ea680ca1a	46385222	1
5ac42c6d5542997ea680ca1a	1664367	1
5a8b2f2b5542995d1e6f12fa	11270391	1
5a8b2f2b5542995d1e6f12fa	468546	1
5a73c958554299623ed4ac5c	38851178	1
5a73c958554299623ed4ac5c	4413363	1
5ac2da27554299657fa2909f	26813381	1
5ac2da27554299657fa2909f	126747	1
5abd12bb55429933744ab703	5421938	1
5abd12bb55429933744ab703	361977	1
5ac510255542994611c8b353	2633054	1
5ac510255542994611c8b353	531233	1
5ae57d3a554299546bf82ee6	5583985	1
5ae57d3a554299546bf82ee6	5400058	1
5ac2758b55429963665199c3	495558	1
5ac2758b55429963665199c3	17926	1
5a81418455429903bc27b95f	3973397	1
5a81418455429903bc27b95f	243759	1
5a7a99db55429941d65f26ea	37572340	1
5a7a99db55429941d65f26ea	22203213	1
5a84b4005542991dd0999d99	23032822	1
5a84b4005542991dd0999d99	31430611	1
5ae6795855429908198fa5e4	1122091	1
5ae6795855429908198fa5e4	227965	1
5a76cb9b55429966f1a36bf2	25990954	1
5a76cb9b55429966f1a36bf2	11755233	1
5a84c89a5542992a431d1a9c	12837391	1
5a84c89a5542992a431d1a9c	349071	1
5a8a573355429970aeb7029a	30864460	1
5a8a573355429970aeb7029a	40429	1
5a730a6b5542992359bc3210	588506	1
5a730a6b5542992359bc3210	2626502	1
5ae2125e554299495565d9db	28370853	1
5ae2125e554299495565d9db	560716	1
5a8cddd1554299441c6b9f3a	4663242	1
5a8cddd1554299441c6b9f3a	10423764	1
5abf1a6b5542997ec76fd3c1	16094638	1
5abf1a6b5542997ec76fd3c1	715909	1
5ac54ca45542993e66e822d5	12505899	1
5ac54ca45542993e66e822d5	1597993	1
5a835a7b554299123d8c20fc	143195	1
5a835a7b554299123d8c20fc	2544388	1
5a81df4b55429903bc27b9f8	18865181	1
5a81df4b55429903bc27b9f8	25333505	1
5a8d9e0f554299441c6ba015	49657092	1
5a8d9e0f554299441c6ba015	42160882	1
5ab4b2935542996a3a969fb5	32442116	1
5ab4b2935542996a3a969fb5	43036531	1
5abec90a5542994516f45438	28772494	1
5abec90a5542994516f45438	672360	1
5a860642554299211dda2a3e	614962	1
5a860642554299211dda2a3e	1261060	1
5a72908f5542994cef4bc33b	33232170	1
5a72908f5542994cef4bc33b	2058855	1
5a8a3a355542996c9b8d5e5e	16751797	1
5a8a3a355542996c9b8d5e5e	527717	1
5a7261635542997f8278398a	41779901	1
5a7261635542997f8278398a	3500783	1
5a843b045542996488c2e518	54466213	1
5a843b045542996488c2e518	857003	1
5ae509f655429908b63264ef	19953729	1
5ae509f655429908b63264ef	36753	1
5adbe75455429944faac23af	7250622	1
5adbe75455429944faac23af	359520	1
5ae780bf554299540e5a55d0	359328	1
5ae780bf554299540e5a55d0	2894083	1
5adca5a45542994d58a2f692	195246	1
5adca5a45542994d58a2f692	276348	1
5abbdf8055429931dba145bb	33592708	1
5abbdf8055429931dba145bb	4247873	1
5ae35b035542992e3233c3ae	13974305	1
5ae35b035542992e3233c3ae	145930	1
5a89ab1355429946c8d6e996	2623911	1
5a89ab1355429946c8d6e996	127062	1
5a8f791c5542992414482ad9	43707599	1
5a8f791c5542992414482ad9	869190	1
5a87081755429960ec39b6fe	41865524	1
5a87081755429960ec39b6fe	45083058	1
5a864ff7554299211dda2af2	31575525	1
5a864ff7554299211dda2af2	28923756	1
5a8af11a55429950cd6afc21	11780617	1
5a8af11a55429950cd6afc21	45181	1
5ae5621655429908b63265fc	37924316	1
5ae5621655429908b63265fc	6025794	1
5a8aad0d5542992d82986f55	6043586	1
5a8aad0d5542992d82986f55	31908	1
5a7d27f05542995ed0d1660d	41383351	1
5a7d27f05542995ed0d1660d	14136945	1
5abac35055429901930fa8ae	40204306	1
5abac35055429901930fa8ae	365318	1
5a87c6a75542997e5c09a56f	28307960	1
5a87c6a75542997e5c09a56f	31440803	1
5a7b581a5542992d025e6815	1039329	1
5a7b581a5542992d025e6815	1204611	1
5a8b057255429971feec4611	10903142	1
5a8b057255429971feec4611	2706105	1
5ae7fd085542993210984007	39404476	1
5ae7fd085542993210984007	25160685	1
5abe953b5542993f32c2a170	30042062	1
5abe953b5542993f32c2a170	1535704	1
5abaa32655429955dce3eeaa	905034	1
5abaa32655429955dce3eeaa	2065166	1
5a80b52f554299485f5986d6	218723	1
5a80b52f554299485f5986d6	32901	1
5ae3790f5542992e3233c415	1517155	1
5ae3790f5542992e3233c415	31250337	1
5adead1855429939a52fe948	15813818	1
5adead1855429939a52fe948	1921309	1
5ae385df5542992f92d82305	2284723	1
5ae385df5542992f92d82305	7576653	1
5ab9dd9a554299232ef4a231	3212792	1
5ab9dd9a554299232ef4a231	21501511	1
5a7c78c955429935c91b51d2	11207012	1
5a7c78c955429935c91b51d2	32706	1
5aba5dfd55429955dce3edf0	37491575	1
5aba5dfd55429955dce3edf0	3517532	1
5a76387d554299109176e6ba	24154813	1
5a76387d554299109176e6ba	19353741	1
5ae520315542993aec5ec152	26166626	1
5ae520315542993aec5ec152	20342498	1
5a7a10755542996a35c170b1	1919309	1
5a7a10755542996a35c170b1	645624	1
5abae14b5542996606241657	49959721	1
5abae14b5542996606241657	78443	1
5ab916e155429919ba4e23a4	41696180	1
5ab916e155429919ba4e23a4	1773369	1
5ae5f9b355429929b0807a4b	950828	1
5ae5f9b355429929b0807a4b	18894	1
5ac3d667554299076e296ca5	3037364	1
5ac3d667554299076e296ca5	847723	1
5adbda2755429944faac2385	8192724	1
5adbda2755429944faac2385	45903	1
5a7348555542994cef4bc503	1540166	1
5a7348555542994cef4bc503	181304	1
5abfa5fb5542990832d3a183	3671508	1
5abfa5fb5542990832d3a183	45846	1
5adc985e5542990d50227cb7	34954203	1
5adc985e5542990d50227cb7	42051242	1
5a7b8f66554299294a54a9f7	31147886	1
5a7b8f66554299294a54a9f7	698259	1
5abb7e4f5542996cc5e4a00b	9292767	1
5abb7e4f5542996cc5e4a00b	25558793	1
5a77a41a5542997042120ab9	302695	1
5a77a41a5542997042120ab9	2809621	1
5a84c4135542994c784dda31	1331885	1
5a84c4135542994c784dda31	6554798	1
5adbfb6855429944faac23e4	1659273	1
5adbfb6855429944faac23e4	517186	1
5ae37d265542994393b9e6e7	32195918	1
5ae37d265542994393b9e6e7	5702578	1
5ae55b8255429908b63265ef	48696677	1
5ae55b8255429908b63265ef	8209948	1
5a82d71555429966c78a6a94	1726990	1
5a82d71555429966c78a6a94	1725735	1
5a732ca45542992359bc325d	5739744	1
5a732ca45542992359bc325d	2477816	1
5abb66c05542992ccd8e7f3e	53849675	1
5abb66c05542992ccd8e7f3e	28763754	1
5a809e9f5542996402f6a5b1	21512524	1
5a809e9f5542996402f6a5b1	683873	1
5ab5035b5542996a3a969ff8	2935674	1
5ab5035b5542996a3a969ff8	142735	1
5a886b7555429938390d3f4d	52273580	1
5a886b7555429938390d3f4d	3492275	1
5a7a5cc35542996c55b2dd7c	1786611	1
5a7a5cc35542996c55b2dd7c	554236	1
5a74bfa55542996c70cfadcf	1696038	1
5a74bfa55542996c70cfadcf	329908	1
5abe65e25542993f32c2a101	45031416	1
5abe65e25542993f32c2a101	2159722	1
5a88a4245542997e5c09a668	22613362	1
5a88a4245542997e5c09a668	3432031	1
5a8a58f355429930ff3c0da3	2195428	1
5a8a58f355429930ff3c0da3	897729	1
5ae4cda05542990ba0bbb148	164910	1
5ae4cda05542990ba0bbb148	10119577	1
5a7e6f295542991319bc94b1	1682476	1
5a7e6f295542991319bc94b1	83633	1
5a84b8555542991dd0999db2	54410950	1
5a84b8555542991dd0999db2	1599923	1
5ae765bf5542995703ce8c12	31055429	1
5ae765bf5542995703ce8c12	60098	1
5a71231a5542994082a3e5c4	27321106	1
5a71231a5542994082a3e5c4	51257	1
5a7769a35542993569682d8f	5004288	1
5a7769a35542993569682d8f	6613980	1
5a873b0d5542994775f607ad	29431405	1
5a873b0d5542994775f607ad	927983	1
5a7d2b535542995f4f402224	8418	1
5a7d2b535542995f4f402224	7954422	1
5a8351fd55429954d2e2ec98	759081	1
5a8351fd55429954d2e2ec98	761940	1
5ae7db435542993210983f9a	34629269	1
5ae7db435542993210983f9a	153295	1
5ade653f55429975fa854ebb	21512524	1
5ade653f55429975fa854ebb	3553620	1
5ac2cdaa554299657fa29070	4373920	1
5ac2cdaa554299657fa29070	12854416	1
5a87bd4e5542994846c1cde0	80103	1
5a87bd4e5542994846c1cde0	1326376	1
5ae0b2f25542993d6555ec1c	1825467	1
5ae0b2f25542993d6555ec1c	9099	1
5add1aa65542990d50227de1	2576917	1
5add1aa65542990d50227de1	1327710	1
5a78d38455429970f5fffd94	53381864	1
5a78d38455429970f5fffd94	42612117	1
5a7bf3da5542996dd594b869	54519655	1
5a7bf3da5542996dd594b869	50572206	1
5a84a1c85542992a431d1a7c	2769164	1
5a84a1c85542992a431d1a7c	1683214	1
5abea85f5542990832d3a070	52013068	1
5abea85f5542990832d3a070	13136914	1
5a8511185542992a431d1aca	25575713	1
5a8511185542992a431d1aca	28800111	1
5ab692b5554299710c8d1ed6	27150736	1
5ab692b5554299710c8d1ed6	346840	1
5adf1c3f5542993a75d263ec	16870808	1
5adf1c3f5542993a75d263ec	3857577	1
5abf64265542997ec76fd3eb	53512500	1
5abf64265542997ec76fd3eb	543762	1
5ac01bb8554299012d1db5a6	37344961	1
5ac01bb8554299012d1db5a6	645301	1
5a83ed9b55429933447460b8	572071	1
5a83ed9b55429933447460b8	37869220	1
5addbf645542997dc7907014	4709304	1
5addbf645542997dc7907014	19356604	1
5ac0c1cf5542992a796ded7c	3431878	1
5ac0c1cf5542992a796ded7c	1617146	1
5ac5484d5542994611c8b48d	30891557	1
5ac5484d5542994611c8b48d	793166	1
5ae0b4c15542993d6555ec21	25814482	1
5ae0b4c15542993d6555ec21	4205341	1
5ab913205542991b5579f0e0	8447112	1
5ab913205542991b5579f0e0	1427382	1
5ade69e455429975fa854ec5	50349808	1
5ade69e455429975fa854ec5	18850187	1
5a84f5865542991dd0999e30	23991540	1
5a84f5865542991dd0999e30	445988	1
5adc8ab05542994d58a2f642	2912530	1
5adc8ab05542994d58a2f642	1651150	1
5adf3a4f5542992d7e9f92ec	164694	1
5adf3a4f5542992d7e9f92ec	8239846	1
5a78d01d55429974737f78b3	28367241	1
5a78d01d55429974737f78b3	11884159	1
5a74684655429929fddd8410	26120799	1
5a74684655429929fddd8410	60070	1
5a7bcbc8554299294a54aae2	1021537	1
5a7bcbc8554299294a54aae2	1189259	1
5a87572d5542994846c1cd6b	14797333	1
5a87572d5542994846c1cd6b	124770	1
5ab596d95542992aa134a371	2100151	1
5ab596d95542992aa134a371	2005454	1
5a8d8f77554299068b959d3e	1785404	1
5a8d8f77554299068b959d3e	728806	1
5ae2e73a55429928c4239545	3497944	1
5ae2e73a55429928c4239545	41528	1
5ab8494d55429916710eb016	211917	1
5ab8494d55429916710eb016	3647461	1
5a7dd8cb5542995f4f4022d0	48863911	1
5a7dd8cb5542995f4f4022d0	3133353	1
5a81dbfc55429903bc27b9f2	733950	1
5a81dbfc55429903bc27b9f2	89265	1
5ae3e5d05542994393b9e79f	2582858	1
5ae3e5d05542994393b9e79f	233799	1
5a7d5c175542991319bc93b1	478570	1
5a7d5c175542991319bc93b1	506924	1
5abe7eb05542993f32c2a12c	3106519	1
5abe7eb05542993f32c2a12c	25730	1
5ae3606b5542991a06ce99a8	11301972	1
5ae3606b5542991a06ce99a8	1250205	1
5a7cdc1b55429907fabef04d	27486082	1
5a7cdc1b55429907fabef04d	7374024	1
5a7a83b3554299042af8f652	34552847	1
5a7a83b3554299042af8f652	45695965	1
5ae5d63b5542996de7b71a2d	37314628	1
5ae5d63b5542996de7b71a2d	32022319	1
5add4f3a5542997545bbbd2c	50702386	1
5add4f3a5542997545bbbd2c	17873743	1
5a76a0005542993569682c64	18154094	1
5a76a0005542993569682c64	1222778	1
5a78d16455429974737f78bb	622340	1
5a78d16455429974737f78bb	635323	1
5ae4d3c95542990ba0bbb165	6842980	1
5ae4d3c95542990ba0bbb165	11915550	1
5a84f4c75542997175ce1f31	64966	1
5a84f4c75542997175ce1f31	32668	1
5a7ba83f5542995eb53be981	183773	1
5a7ba83f5542995eb53be981	2411788	1
5a8ac0595542992d82986f6c	39820244	1
5a8ac0595542992d82986f6c	6992150	1
5ae165aa5542997b2ef7d1d1	1145492	1
5ae165aa5542997b2ef7d1d1	5411401	1
5ab262a4554299340b5254ac	40771445	1
5ab262a4554299340b5254ac	622760	1
5a82ffef55429954d2e2ebf2	15626672	1
5a82ffef55429954d2e2ebf2	4629949	1
5ac047a3554299294b218f70	7497374	1
5ac047a3554299294b218f70	3508659	1
5a730abe5542994cef4bc42f	28819243	1
5a730abe5542994cef4bc42f	3800972	1
5a7dc7735542990b8f503a93	42687086	1
5a7dc7735542990b8f503a93	57317	1
5a7a03225542996c55b2dcd5	1867069	1
5a7a03225542996c55b2dcd5	1784623	1
5a878d795542993e715abf9d	50413232	1
5a878d795542993e715abf9d	49380964	1
5a85a2845542997175ce1fe1	874698	1
5a85a2845542997175ce1fe1	6280605	1
5adc368155429944faac2468	17922459	1
5adc368155429944faac2468	161570	1
5ae25c815542992decbdcccc	37037310	1
5ae25c815542992decbdcccc	1683504	1
5ac3d1d9554299204fd21e8a	3285906	1
5ac3d1d9554299204fd21e8a	309803	1
5abc095c5542993f40c73c5d	14338605	1
5abc095c5542993f40c73c5d	853950	1
5ade28cf5542997c77aded85	80135	1
5ade28cf5542997c77aded85	4157	1
5a769b115542993569682c51	35019943	1
5a769b115542993569682c51	1196907	1
5ae4f2c75542993aec5ec0fb	48259604	1
5ae4f2c75542993aec5ec0fb	211579	1
5a7642f7554299109176e6e8	184079	1
5a7642f7554299109176e6e8	22874956	1
5a8e1577554299068b959e54	419144	1
5a8e1577554299068b959e54	3741194	1
5a7b81715542997c3ec971d4	5968659	1
5a7b81715542997c3ec971d4	45517339	1
5ac4f9dc55429924173fb533	51683314	1
5ac4f9dc55429924173fb533	72862	1
5a78f753554299078472776e	2704298	1
5a78f753554299078472776e	1059950	1
5ab3f7b05542992ade7c6efd	17278613	1
5ab3f7b05542992ade7c6efd	176316	1
5a80f4c2554299260e20a1da	7777915	1
5a80f4c2554299260e20a1da	198179	1
5a793f505542994bb9456fd1	1517155	1
5a793f505542994bb9456fd1	30729698	1
5ae21154554299495565d9d4	680006	1
5ae21154554299495565d9d4	32330027	1
5abd001d5542993a06baf9f2	42170649	1
5abd001d5542993a06baf9f2	450389	1
5a87aa135542996e4f3088b8	36024867	1
5a87aa135542996e4f3088b8	78747	1
5a7cde68554299683c1c63ac	2209754	1
5a7cde68554299683c1c63ac	1645202	1
5a73d33e5542992d56e7e3a9	27634465	1
5a73d33e5542992d56e7e3a9	5902	1
5ab502ae5542991779162d4c	893581	1
5ab502ae5542991779162d4c	2065870	1
5abc9fb055429959677d6ac9	10614546	1
5abc9fb055429959677d6ac9	4939154	1
5abbe20d55429931dba145c6	42600520	1
5abbe20d55429931dba145c6	252854	1
5ae622495542995703ce8b20	42711994	1
5ae622495542995703ce8b20	617139	1
5a7a5ea15542994f819ef1c7	1583393	1
5a7a5ea15542994f819ef1c7	912656	1
5a861fa75542994775f60706	221761	1
5a861fa75542994775f60706	763002	1
5a7c8ae855429935c91b5207	143605	1
5a7c8ae855429935c91b5207	75849	1
5abca1a55542993a06baf937	38970199	1
5abca1a55542993a06baf937	140661	1
5a778a8e5542992a6e59deca	53037565	1
5a778a8e5542992a6e59deca	2184757	1
5abec9b25542997ec76fd366	50094294	1
5abec9b25542997ec76fd366	37409	1
5a7dacff5542991319bc93e0	7982905	1
5a7dacff5542991319bc93e0	4593651	1
5ae1dadf5542997f29b3c14f	14505320	1
5ae1dadf5542997f29b3c14f	17970238	1
5a8f7a135542992414482adc	84517	1
5a8f7a135542992414482adc	23455280	1
5a8481ba5542997175ce1ed4	48444838	1
5a8481ba5542997175ce1ed4	68455	1
5a7ec90055429934daa2fc66	36450253	1
5a7ec90055429934daa2fc66	5229022	1
5ae0f8a05542997b2ef7d0bc	12081757	1
5ae0f8a05542997b2ef7d0bc	148956	1
5ac2ffe7554299218029dbb3	49126657	1
5ac2ffe7554299218029dbb3	124384	1
5ae43d7f5542996836b02c59	275465	1
5ae43d7f5542996836b02c59	5158078	1
5ae7a8d35542994a481bbdbb	11285382	1
5ae7a8d35542994a481bbdbb	9428	1
5a710bb15542994082a3e50d	46194566	1
5a710bb15542994082a3e50d	40695760	1
5ac1d4ad5542994d76dccef7	242023	1
5ac1d4ad5542994d76dccef7	10327358	1
5ac0223f5542992a796dec9f	35471482	1
5ac0223f5542992a796dec9f	8579	1
5ab34a76554299233954ff3f	32029489	1
5ab34a76554299233954ff3f	2744313	1
5a84992e5542992a431d1a6d	45261616	1
5a84992e5542992a431d1a6d	1607220	1
5ac1b5de5542994d76dccec6	33232143	1
5ac1b5de5542994d76dccec6	30707158	1
5ac32b565542995ef918c154	54092561	1
5ac32b565542995ef918c154	926629	1
5ab90d8955429916710eb0f1	51683314	1
5ab90d8955429916710eb0f1	72862	1
5ab3bfd3554299233954ff99	13050003	1
5ab3bfd3554299233954ff99	396803	1
5a739d8c55429905862fe073	4776121	1
5a739d8c55429905862fe073	154450	1
5a8078e95542992bc0c4a72c	6768142	1
5a8078e95542992bc0c4a72c	1064492	1
5ae2dd2055429928c423950d	31548706	1
5ae2dd2055429928c423950d	93453	1
5ab2118055429970612095b8	555690	1
5ab2118055429970612095b8	24191364	1
5ae3ff2d5542995dadf242a9	304518	1
5ae3ff2d5542995dadf242a9	142809	1
5ac471305542991943173998	55069839	1
5ac471305542991943173998	649702	1
5a7d1c525542995ed0d165f2	46894508	1
5a7d1c525542995ed0d165f2	2179398	1
5a83ef745542996488c2e4f8	777285	1
5a83ef745542996488c2e4f8	424956	1
5add15d15542994ed6169c70	33024218	1
5add15d15542994ed6169c70	2198871	1
5ab8750255429934fafe6dd1	19907115	1
5ab8750255429934fafe6dd1	182651	1
5adc9d145542994d58a2f67d	51562554	1
5adc9d145542994d58a2f67d	168968	1
5a81f85d55429926c1cdadca	31666354	1
5a81f85d55429926c1cdadca	21143211	1
5aba7cb455429901930fa7eb	4072611	1
5aba7cb455429901930fa7eb	503116	1
5a79b7f6554299029c4b5f6f	841344	1
5a79b7f6554299029c4b5f6f	180099	1
5a8fdb955542990a98493572	40780662	1
5a8fdb955542990a98493572	26033941	1
5a807e6f5542995d8a8ddf80	34573784	1
5a807e6f5542995d8a8ddf80	647603	1
5ae1e9635542997f29b3c19e	2387792	1
5ae1e9635542997f29b3c19e	2281910	1
5a88a1bb5542997e5c09a64c	45411638	1
5a88a1bb5542997e5c09a64c	2809621	1
5a7781c955429949eeb29ea8	20110876	1
5a7781c955429949eeb29ea8	5939393	1
5aba55f25542994dbf0198e0	36380594	1
5aba55f25542994dbf0198e0	178328	1
5ade45c75542992fa25da720	25813	1
5ade45c75542992fa25da720	26977	1
5adde8a05542997dc79070a4	343071	1
5adde8a05542997dc79070a4	173198	1
5a7dc7895542995ed0d16673	1896957	1
5a7dc7895542995ed0d16673	36679	1
5a81e8ea5542995ce29dcc73	965221	1
5a81e8ea5542995ce29dcc73	3185575	1
5abffc41554299012d1db551	8348168	1
5abffc41554299012d1db551	145325	1
5a863ff0554299211dda2ac6	18461681	1
5a863ff0554299211dda2ac6	3247786	1
5ab288a05542993be8fa993b	280728	1
5ab288a05542993be8fa993b	191436	1
5ae7376f5542992ae0d163d2	43315272	1
5ae7376f5542992ae0d163d2	25758322	1
5ae608f2554299546bf83026	42658499	1
5ae608f2554299546bf83026	85023	1
5ae23d945542996483e64939	50784	1
5ae23d945542996483e64939	53862	1
5ae0039555429942ec259be1	3271084	1
5ae0039555429942ec259be1	11267556	1
5a7f354b5542992e7d278c8c	6895413	1
5a7f354b5542992e7d278c8c	1640736	1
5a90997b5542995651fb51af	30645389	1
5a90997b5542995651fb51af	29828381	1
5a862da855429960ec39b640	212472	1
5a862da855429960ec39b640	301428	1
5a7619765542992db9473728	21125249	1
5a7619765542992db9473728	52946	1
5a7fc8d05542992e7d278d86	31276542	1
5a7fc8d05542992e7d278d86	13712971	1
5ab91dc555429919ba4e23b4	4932781	1
5ab91dc555429919ba4e23b4	31539	1
5a8f15d2554299458435d551	31829550	1
5a8f15d2554299458435d551	1832416	1
5ade79335542997c77adee38	43566078	1
5ade79335542997c77adee38	2336562	1
5ab66a3555429954757d3290	54484446	1
5ab66a3555429954757d3290	2970773	1
5ae4d2a55542990ba0bbb161	53212260	1
5ae4d2a55542990ba0bbb161	45435120	1
5a8a265b5542992d82986ecc	8613054	1
5a8a265b5542992d82986ecc	44284035	1
5a735e9155429901807db00d	7860434	1
5a735e9155429901807db00d	55460	1
5a886211554299206df2b24a	30181592	1
5a886211554299206df2b24a	179326	1
5ae526c455429908b6326529	1022050	1
5ae526c455429908b6326529	19344654	1
5a75e62f5542992d0ec06013	45589458	1
5a75e62f5542992d0ec06013	1606847	1
5adfb790554299603e418389	80101	1
5adfb790554299603e418389	7797272	1
5a85bc2d5542994c784ddb70	32504261	1
5a85bc2d5542994c784ddb70	30967	1
5ae212c9554299495565d9de	36215454	1
5ae212c9554299495565d9de	57550	1
5a89fc665542993b751ca9de	2556100	1
5a89fc665542993b751ca9de	10879941	1
5a838eba5542992ef85e22fe	28408537	1
5a838eba5542992ef85e22fe	13544842	1
5ab2a54b554299295394678e	28095923	1
5ab2a54b554299295394678e	11657732	1
5abb0b5c5542996cc5e49f79	2236226	1
5abb0b5c5542996cc5e49f79	1673410	1
5a88981c554299206df2b307	3774431	1
5a88981c554299206df2b307	208551	1
5ac056385542997d64295a08	19101631	1
5ac056385542997d64295a08	17361311	1
5ae6537c5542991bbc9760c1	294634	1
5ae6537c5542991bbc9760c1	525314	1
5a7335b55542992359bc3290	37192102	1
5a7335b55542992359bc3290	36715953	1
5a7faed65542994857a767b6	3830930	1
5a7faed65542994857a767b6	97477	1
5ae7945d5542997b22f6a7ba	16826171	1
5ae7945d5542997b22f6a7ba	27043741	1
5a790f5e55429970f5fffe40	742097	1
5a790f5e55429970f5fffe40	754739	1
5ab2a292554299194fa93496	6200603	1
5ab2a292554299194fa93496	9803762	1
5adcdea85542992c1e3a2441	46517609	1
5adcdea85542992c1e3a2441	584551	1
5ae1e1e55542997f29b3c15e	54969698	1
5ae1e1e55542997f29b3c15e	53341066	1
5ae534bb5542990ba0bbb21d	4933073	1
5ae534bb5542990ba0bbb21d	1258747	1
5abc8507554299700f9d78de	14551974	1
5abc8507554299700f9d78de	729006	1
5ae7e1fc55429952e35ea9cc	5613710	1
5ae7e1fc55429952e35ea9cc	24104048	1
5a8494b15542991dd0999d35	2526117	1
5a8494b15542991dd0999d35	14546214	1
5adf8dd25542993344016cfe	16563555	1
5adf8dd25542993344016cfe	4020122	1
5ae32e1a55429928c423964e	2526117	1
5ae32e1a55429928c423964e	46836073	1
5a7b3f4d5542992d025e67bb	39280414	1
5a7b3f4d5542992d025e67bb	10290539	1
5a8d8eb5554299068b959d3a	38235	1
5a8d8eb5554299068b959d3a	355209	1
5ae55ed15542992663a4f1ea	34615028	1
5ae55ed15542992663a4f1ea	898386	1
5a83938c5542993344746049	39053585	1
5a83938c5542993344746049	18240301	1
5add64e35542992200553ae8	8758234	1
5add64e35542992200553ae8	3782947	1
5a8b81bc55429949d91db5b8	34725445	1
5a8b81bc55429949d91db5b8	2975336	1
5ae50eff55429908b6326500	13437445	1
5ae50eff55429908b6326500	147073	1
5abae1e65542996cc5e49ed2	2635111	1
5abae1e65542996cc5e49ed2	454799	1
5a7a014a5542996c55b2dccf	31218300	1
5a7a014a5542996c55b2dccf	141871	1
5a7bd286554299683c1c62bd	46451549	1
5a7bd286554299683c1c62bd	1088868	1
5a8303c255429954d2e2ec01	860250	1
5a8303c255429954d2e2ec01	1189715	1
5a81456855429938b614231e	1001108	1
5a81456855429938b614231e	308123	1
5ac213805542992f1f2b37e7	16968741	1
5ac213805542992f1f2b37e7	1583598	1
5a8b041955429971feec4604	799396	1
5a8b041955429971feec4604	2327467	1
5ae1dac95542997283cd229b	7746616	1
5ae1dac95542997283cd229b	30747164	1
5add5f925542997545bbbd48	906753	1
5add5f925542997545bbbd48	1208347	1
5a7326cd5542991f29ee2d11	25761420	1
5a7326cd5542991f29ee2d11	564022	1
5a8bc29a5542995d1e6f1446	16150197	1
5a8bc29a5542995d1e6f1446	142806	1
5adda8d45542995b365fab59	2825198	1
5adda8d45542995b365fab59	166848	1
5abba3255542996cc5e4a031	209294	1
5abba3255542996cc5e4a031	5052533	1
5a85dfcc5542994775f60673	49029499	1
5a85dfcc5542994775f60673	613239	1
5ab41b8c5542996a3a969f40	47690624	1
5ab41b8c5542996a3a969f40	312898	1
5ab8f3235542991b5579f084	54248386	1
5ab8f3235542991b5579f084	4848272	1
5a847e0a5542990548d0b2c3	14336091	1
5a847e0a5542990548d0b2c3	4976544	1
5ab6a3a3554299710c8d1f0d	44355894	1
5ab6a3a3554299710c8d1f0d	36162866	1
5ac27afa5542990b17b153b5	17101145	1
5ac27afa5542990b17b153b5	18313	1
5abff0625542997ec76fd476	2805673	1
5abff0625542997ec76fd476	124711	1
5ab28e2a5542993be8fa9947	41337476	1
5ab28e2a5542993be8fa9947	515844	1
5a8408a9554299123d8c21d3	13274912	1
5a8408a9554299123d8c21d3	19965375	1
5a7605f85542994ccc91868d	43107	1
5a7605f85542994ccc91868d	3424730	1
5a8cca64554299653c1aa125	18070881	1
5a8cca64554299653c1aa125	207352	1
5abdff775542993f32c2a082	40301232	1
5abdff775542993f32c2a082	1115488	1
5a851ba95542997175ce1f81	730959	1
5a851ba95542997175ce1f81	322461	1
5ae52bc75542992663a4f12d	46283040	1
5ae52bc75542992663a4f12d	8744786	1
5a808cbd5542996402f6a54b	39355524	1
5a808cbd5542996402f6a54b	45051683	1
5a8efef05542997ba9cb3178	26149804	1
5a8efef05542997ba9cb3178	430029	1
5adc094a55429947ff1738c0	5214062	1
5adc094a55429947ff1738c0	1979123	1
5ab28156554299449642c8ce	19539191	1
5ab28156554299449642c8ce	65536	1
5ae0613d5542993d6555eb22	16498717	1
5ae0613d5542993d6555eb22	52302	1
5a7329a15542991f9a20c65f	44328875	1
5a7329a15542991f9a20c65f	2050354	1
5ae68a065542991bbc97611e	14819167	1
5ae68a065542991bbc97611e	2934043	1
5ae6d3345542996d980e7c85	6822637	1
5ae6d3345542996d980e7c85	881833	1
5a79fc8b5542994f819ef114	5090933	1
5a79fc8b5542994f819ef114	4771813	1
5ac02d59554299294b218f3b	23637837	1
5ac02d59554299294b218f3b	2260818	1
5a8c62f5554299585d9e367b	5563409	1
5a8c62f5554299585d9e367b	46373	1
5a8900c75542997e5c09a6ed	409113	1
5a8900c75542997e5c09a6ed	7605	1
5a753c8c55429916b01642ab	1994297	1
5a753c8c55429916b01642ab	157486	1
5ae7a9765542994a481bbdbc	17536402	1
5ae7a9765542994a481bbdbc	152209	1
5a8f45385542997ba9cb320a	68853	1
5a8f45385542997ba9cb320a	2022914	1
5a8a521d5542992d82986f15	30528832	1
5a8a521d5542992d82986f15	1833716	1
5a7c6bcc55429935c91b519c	3130512	1
5a7c6bcc55429935c91b519c	187308	1
5a86f13c554299211dda2b5e	50971873	1
5a86f13c554299211dda2b5e	10779468	1
5a7f22005542993067513656	1244874	1
5a7f22005542993067513656	8263281	1
5adc2f53554299438c868d6d	30039	1
5adc2f53554299438c868d6d	20115609	1
5a8518a75542994c784ddaf7	14685377	1
5a8518a75542994c784ddaf7	46875939	1
5a90b3c65542990a984936b7	2015964	1
5a90b3c65542990a984936b7	364879	1
5ab822ef55429916710eafff	797686	1
5ab822ef55429916710eafff	29268	1
5a7f8b8c5542995d8a8ddea1	1562286	1
5a7f8b8c5542995d8a8ddea1	6062	1
5a8afa4d55429949d91db44c	43148265	1
5a8afa4d55429949d91db44c	32262844	1
5a7613c15542994ccc9186bf	40125232	1
5a7613c15542994ccc9186bf	203344	1
5a7666095542992d0ec060db	5186028	1
5a7666095542992d0ec060db	3201621	1
5ac0aa955542997d64295a49	38117178	1
5ac0aa955542997d64295a49	169412	1
5a72a9ab5542992359bc315a	43636556	1
5a72a9ab5542992359bc315a	2393677	1
5abdaa0f55429965af743dad	23648009	1
5abdaa0f55429965af743dad	441229	1
5abc36cc55429959677d6a50	187479	1
5abc36cc55429959677d6a50	4860547	1
5ac164da55429964131be1bf	5203306	1
5ac164da55429964131be1bf	30942973	1
5a8b8f5b55429949d91db5e1	3535009	1
5a8b8f5b55429949d91db5e1	38299	1
5adfe6c455429906c02daa85	50989774	1
5adfe6c455429906c02daa85	1437812	1
5ac02b325542992a796decb9	633977	1
5ac02b325542992a796decb9	633925	1
5a7f66f155429969796c1a33	2318912	1
5a7f66f155429969796c1a33	162868	1
5a7bbee85542997c3ec97270	43097320	1
5a7bbee85542997c3ec97270	2245230	1
5adbe2c65542996e68525274	11294090	1
5adbe2c65542996e68525274	150749	1
5abe822155429976d4830b48	50778916	1
5abe822155429976d4830b48	306812	1
5ae1319c55429920d5234301	16908891	1
5ae1319c55429920d5234301	1164336	1
5a8331f15542993344745fe8	45553255	1
5a8331f15542993344745fe8	5413999	1
5a8f08c2554299458435d531	34004259	1
5a8f08c2554299458435d531	19283178	1
5adf37785542992d7e9f92d3	51604265	1
5adf37785542992d7e9f92d3	382550	1
5ab48bab5542991779162cd3	1897664	1
5ab48bab5542991779162cd3	270948	1
5ae60d36554299546bf8303e	50655340	1
5ae60d36554299546bf8303e	29471472	1
5a8019db5542992097ad2fd5	34576689	1
5a8019db5542992097ad2fd5	937165	1
5ab5627b5542992aa134a2ff	1514903	1
5ab5627b5542992aa134a2ff	219724	1
5adc6c4c5542994650320ce0	76142	1
5adc6c4c5542994650320ce0	239114	1
5a77666555429966f1a36d1f	27861306	1
5a77666555429966f1a36d1f	636085	1
5ac55ba05542993e66e8233d	53105066	1
5ac55ba05542993e66e8233d	894383	1
5ab7ece25542995dae37e9f3	13515789	1
5ab7ece25542995dae37e9f3	898759	1
5a77a7695542997042120ac4	18952424	1
5a77a7695542997042120ac4	30914913	1
5ae3776e5542992e3233c40c	943594	1
5ae3776e5542992e3233c40c	157376	1
5ae2eb7f55429928c423955b	44505584	1
5ae2eb7f55429928c423955b	42396962	1
5ab900045542991b5579f0c0	13056784	1
5ab900045542991b5579f0c0	169321	1
5ac02c6b554299294b218f38	979343	1
5ac02c6b554299294b218f38	140616	1
5ade8f5955429975fa854f10	608273	1
5ade8f5955429975fa854f10	256406	1
5ae0ba9055429924de1b715c	1311305	1
5ae0ba9055429924de1b715c	1067692	1
5ab3a83d5542992ade7c6e08	53855122	1
5ab3a83d5542992ade7c6e08	45573891	1
5ab8524f5542990e739ec8c4	2343535	1
5ab8524f5542990e739ec8c4	2926	1
5abba4b4554299642a094af3	41601249	1
5abba4b4554299642a094af3	610532	1
5ab984a2554299131ca4235a	38233083	1
5ab984a2554299131ca4235a	2487940	1
5ae268f35542994d89d5b416	736352	1
5ae268f35542994d89d5b416	8079	1
5ab6f17d5542995eadef00ee	12250143	1
5ab6f17d5542995eadef00ee	705273	1
5ae0818e55429924de1b70e9	8743112	1
5ae0818e55429924de1b70e9	18380319	1
5adfe0de55429925eb1afae9	2321132	1
5adfe0de55429925eb1afae9	30863387	1
5a76db3555429972597f13e7	41205454	1
5a76db3555429972597f13e7	21449954	1
5abbf7d755429931dba145eb	7690488	1
5abbf7d755429931dba145eb	1167978	1
5ae7f56e5542993210983fd1	158595	1
5ae7f56e5542993210983fd1	19156567	1
5ac5382c5542996feb3fea43	5394762	1
5ac5382c5542996feb3fea43	2254865	1
5ae5b255554299546bf82f2c	48243345	1
5ae5b255554299546bf82f2c	3704804	1
5abb729b5542993f40c73af4	2571809	1
5abb729b5542993f40c73af4	888974	1
5a7280105542994cef4bc2e4	54407685	1
5a7280105542994cef4bc2e4	26720865	1
5ab870ee5542990e739ec8f6	1087753	1
5ab870ee5542990e739ec8f6	8694154	1
5a84a5385542990548d0b2d9	13342329	1
5a84a5385542990548d0b2d9	743797	1
5adc6825554299438c868da1	53372375	1
5adc6825554299438c868da1	520542	1
5a8d51355542994ba4e3dc6b	3258886	1
5a8d51355542994ba4e3dc6b	483599	1
5ab2acbc55429929539467d2	896257	1
5ab2acbc55429929539467d2	13887	1
5a8a416955429930ff3c0d2b	4083106	1
5a8a416955429930ff3c0d2b	33332004	1
5a825b0e55429954d2e2eb0c	40629273	1
5a825b0e55429954d2e2eb0c	58406	1
5ab1eac95542993be8fa987f	1775240	1
5ab1eac95542993be8fa987f	38736935	1
5add2dae5542992c1e3a2558	2770362	1
5add2dae5542992c1e3a2558	41228746	1
5a8e0dbd554299068b959e3e	15989243	1
5a8e0dbd554299068b959e3e	619009	1
5a76a2b55542993569682c6c	8166602	1
5a76a2b55542993569682c6c	1164368	1
5ac0060f554299012d1db578	49250018	1
5ac0060f554299012d1db578	48118543	1
5a89761d5542995153361310	25437720	1
5a89761d5542995153361310	157461	1
5a81711455429938b614233e	2281416	1
5a81711455429938b614233e	972904	1
5a7143625542994082a3e71e	708892	1
5a7143625542994082a3e71e	60296	1
5a74994a55429974ef308c2e	3615041	1
5a74994a55429974ef308c2e	8868782	1
5aba89365542994dbf019932	28234157	1
5aba89365542994dbf019932	12580152	1
5a8d4cf35542994ba4e3dc5f	15385812	1
5a8d4cf35542994ba4e3dc5f	1438587	1
5a79f95d5542996c55b2dcbd	938876	1
5a79f95d5542996c55b2dcbd	284309	1
5a79caad5542994f819ef09f	9186633	1
5a79caad5542994f819ef09f	10359695	1
5a7dafe15542991319bc93f3	47752945	1
5a7dafe15542991319bc93f3	4411449	1
5ae17f1e5542990adbacf7a6	2675875	1
5ae17f1e5542990adbacf7a6	515401	1
5a8747915542994775f607bb	11071861	1
5a8747915542994775f607bb	1573262	1
5a72a3c45542994cef4bc3ac	21442739	1
5a72a3c45542994cef4bc3ac	37243	1
5ab674ee5542995eadeefff2	4954407	1
5ab674ee5542995eadeefff2	17515	1
5ac434cb5542997ea680ca2f	34515350	1
5ac434cb5542997ea680ca2f	198558	1
5abd578a5542993062266c5d	23795646	1
5abd578a5542993062266c5d	110467	1
5a8d5ec2554299585d9e37c4	7157420	1
5a8d5ec2554299585d9e37c4	9277013	1
5a8db42f5542994ba4e3dd11	31192938	1
5a8db42f5542994ba4e3dd11	14544279	1
5a8d427f5542994ba4e3dc41	4561608	1
5a8d427f5542994ba4e3dc41	88801	1
5a754fc35542996c70cfaedc	53055363	1
5a754fc35542996c70cfaedc	3099414	1
5adf35935542993344016c36	47667879	1
5adf35935542993344016c36	1896643	1
5a89e3995542992e4fca844d	1511333	1
5a89e3995542992e4fca844d	117311	1
5a8fb3af5542997ba9cb32ee	41589305	1
5a8fb3af5542997ba9cb32ee	465434	1
5a78bc6b554299148911f979	47961805	1
5a78bc6b554299148911f979	46341107	1
5abeb91c5542994516f45400	1798626	1
5abeb91c5542994516f45400	378540	1
5ae4843455429970de88d997	42877243	1
5ae4843455429970de88d997	1232996	1
5ac14d0c5542991316484ae2	19743232	1
5ac14d0c5542991316484ae2	985423	1
5a7b3fc155429931da12ca3a	21888451	1
5a7b3fc155429931da12ca3a	130918	1
5a7cb9b95542990527d55515	45686479	1
5a7cb9b95542990527d55515	43728083	1
5ae75eb45542991bbc976201	14849771	1
5ae75eb45542991bbc976201	38795806	1
5a8b7cb95542995d1e6f13bb	23217037	1
5a8b7cb95542995d1e6f13bb	397360	1
5a7fd7305542992e7d278dc2	901191	1
5a7fd7305542992e7d278dc2	4603464	1
5a7f48e15542992e7d278ce6	25841049	1
5a7f48e15542992e7d278ce6	174662	1
5a74b66a55429929fddd84cb	768141	1
5a74b66a55429929fddd84cb	13681185	1
5ae0de1455429924de1b71b4	29019705	1
5ae0de1455429924de1b71b4	1902624	1
5a8cec13554299441c6b9f7d	753177	1
5a8cec13554299441c6b9f7d	3660903	1
5a799dfb5542994bb9457029	7530027	1
5a799dfb5542994bb9457029	943716	1
5ab31fea554299194fa9356a	979549	1
5ab31fea554299194fa9356a	4759080	1
5ae7bdc05542993210983f29	52660511	1
5ae7bdc05542993210983f29	9023823	1
5a752fb75542993748c897df	16682407	1
5a752fb75542993748c897df	3394857	1
5a804f01554299485f5985bf	4820365	1
5a804f01554299485f5985bf	2885110	1
5a9084e75542990a98493667	8805668	1
5a9084e75542990a98493667	1340486	1
5abdb7ff5542993f32c2a011	48261059	1
5abdb7ff5542993f32c2a011	22090158	1
5ae1436e55429901ffe4ae31	2207150	1
5ae1436e55429901ffe4ae31	1436547	1
5a86eee85542994775f60787	12636539	1
5a86eee85542994775f60787	425678	1
5ae2ad6b5542996483e64a3d	863760	1
5ae2ad6b5542996483e64a3d	20327676	1
5a81141855429938b61422ad	4834941	1
5a81141855429938b61422ad	164992	1
5a7cb993554299452d57b9c2	14668476	1
5a7cb993554299452d57b9c2	948414	1
5ae1da385542997283cd2297	2175661	1
5ae1da385542997283cd2297	2326113	1
5adfeab455429942ec259b86	19903	1
5adfeab455429942ec259b86	2557423	1
5ab681ea55429953192ad2e0	46381022	1
5ab681ea55429953192ad2e0	19487459	1
5a8ec6fd55429917b4a5bdc1	35925308	1
5a8ec6fd55429917b4a5bdc1	39538382	1
5a778e8755429949eeb29ef4	33116191	1
5a778e8755429949eeb29ef4	1089547	1
5a71717d5542994082a3e834	9158552	1
5a71717d5542994082a3e834	3102816	1
5ab85a1155429934fafe6d7c	80135	1
5ab85a1155429934fafe6d7c	48093	1
5a74f5155542993748c89750	13511635	1
5a74f5155542993748c89750	1725425	1
5ae7cb575542997ec27276ea	2634417	1
5ae7cb575542997ec27276ea	649384	1
5ab2f88755429976abd1bbe0	1993862	1
5ab2f88755429976abd1bbe0	39912374	1
5a728b1c5542992359bc30e0	50724551	1
5a728b1c5542992359bc30e0	26744321	1
5a902d5155429933b8a2048d	26802237	1
5a902d5155429933b8a2048d	4286336	1
5ab42d5755429942dd415eaf	18676022	1
5ab42d5755429942dd415eaf	80103	1
5ab5ab5d5542992aa134a37d	38669016	1
5ab5ab5d5542992aa134a37d	508850	1
5a729fa15542994cef4bc397	5349123	1
5a729fa15542994cef4bc397	683122	1
5ab5ed505542997d4ad1f255	24465172	1
5ab5ed505542997d4ad1f255	29812	1
5ab69f9a554299710c8d1ef8	538539	1
5ab69f9a554299710c8d1ef8	27159	1
5abba581554299642a094af9	6013209	1
5abba581554299642a094af9	293834	1
5abc5955554299114383a118	583407	1
5abc5955554299114383a118	2266239	1
5ae62c385542995703ce8b3e	16818056	1
5ae62c385542995703ce8b3e	168877	1
5a90629855429916514e749e	3760975	1
5a90629855429916514e749e	57615	1
5ab9988b554299131ca4238e	40226212	1
5ab9988b554299131ca4238e	1943995	1
5ac562985542993e66e823ca	39221447	1
5ac562985542993e66e823ca	447293	1
5a72dcb45542992359bc31af	16189351	1
5a72dcb45542992359bc31af	2124647	1
5ac272f95542992f1f2b38d3	2313751	1
5ac272f95542992f1f2b38d3	13856910	1
5a85fb085542994775f606de	16267084	1
5a85fb085542994775f606de	23487440	1
5a9068a95542990a98493621	38124193	1
5a9068a95542990a98493621	75376	1
5ae3c0cc5542992f92d82369	22652938	1
5ae3c0cc5542992f92d82369	302920	1
5ac38bf355429939154137ba	24882549	1
5ac38bf355429939154137ba	2624777	1
